{"definition":{"fragmentStyle":{"marginBottom":"3","paddingBottom":"3","paddingLeft":"3","paddingRight":"3","paddingTop":"3"},"indexed":true,"layout":{"marginBottom":1,"paddingBottom":1,"paddingLeft":1,"paddingRight":1,"paddingTop":1,"widthType":"Fixed"},"name":"Distributor Evaluations Overview Container"},"id":"854150c0-3555-2430-905c-db27c2de6445","pageElements":[{"definition":{"fragment":{"key":"BASIC_COMPONENT-heading"},"fragmentConfig":{"textAlign":"left","marginBottom":"3","headingLevel":"h1"},"fragmentFields":[{"id":"element-text","value":{"fragmentLink":{}}}],"fragmentStyle":{"hidden":true},"indexed":true,"name":"Evaluation Page Header"},"id":"71eb6082-09bf-4767-7a8c-09687d7c0ac3","type":"Fragment"},{"definition":{"fragment":{"key":"com.liferay.fragment.renderer.collection.filter.internal.CollectionFilterFragmentRenderer"},"fragmentConfig":{"filterKey":"keywords","targetCollections":["77f07afe-05ad-d3d4-1c6c-14fb222ff9ba"],"showLabel":true},"fragmentFields":[],"indexed":true,"name":"Evaluation Filter"},"id":"f82ac796-95f3-7251-7483-9f9236453c13","type":"Fragment"},{"definition":{"fragmentStyle":{"marginBottom":"3"},"gutters":true,"indexed":true,"modulesPerRow":5,"name":"Evaluation Header Grid","numberOfColumns":5,"reverseOrder":false,"rowViewports":[{"id":"landscapeMobile","rowViewportDefinition":{"modulesPerRow":1}},{"id":"portraitMobile","rowViewportDefinition":{}},{"id":"tablet","rowViewportDefinition":{}}],"verticalAlignment":"top"},"id":"3537ae29-8c4a-ac7b-4a05-1647c1ecaa1a","pageElements":[{"definition":{"columnViewports":[{"columnViewportDefinition":{"size":12},"id":"landscapeMobile"},{"columnViewportDefinition":{},"id":"portraitMobile"},{"columnViewportDefinition":{},"id":"tablet"}],"size":1},"id":"40d5789e-b97f-f6c9-12c7-21dfc1efcbfa","pageElements":[{"definition":{"fragment":{"key":"BASIC_COMPONENT-heading"},"fragmentConfig":{"headingLevel":"h5"},"fragmentFields":[{"id":"element-text","value":{"fragmentLink":{},"text":{"value_i18n":{"en_US":"ID"}}}}],"indexed":true,"name":"ID Heading"},"id":"8e122e2a-9688-7528-fb6e-6203e590095e","type":"Fragment"}],"type":"Column"},{"definition":{"columnViewports":[{"columnViewportDefinition":{"size":12},"id":"landscapeMobile"},{"columnViewportDefinition":{},"id":"portraitMobile"},{"columnViewportDefinition":{},"id":"tablet"}],"size":3},"id":"db4bd715-4d7c-874a-6f15-384261a3c0e4","pageElements":[{"definition":{"fragment":{"key":"BASIC_COMPONENT-heading"},"fragmentConfig":{"headingLevel":"h5"},"fragmentFields":[{"id":"element-text","value":{"fragmentLink":{},"text":{"value_i18n":{"en_US":"Interview Notes"}}}}],"indexed":true,"name":"Interview Notes Heading"},"id":"15ef3cc4-c242-5c0b-d488-66ea3e1b8d7a","type":"Fragment"}],"type":"Column"},{"definition":{"columnViewports":[{"columnViewportDefinition":{"size":12},"id":"landscapeMobile"},{"columnViewportDefinition":{},"id":"portraitMobile"},{"columnViewportDefinition":{},"id":"tablet"}],"size":3},"id":"f6854733-5ed6-9700-ed56-4356a5b689a0","pageElements":[{"definition":{"fragment":{"key":"BASIC_COMPONENT-heading"},"fragmentConfig":{"headingLevel":"h5"},"fragmentFields":[{"id":"element-text","value":{"fragmentLink":{},"text":{"value_i18n":{"en_US":"Assessment Score"}}}}],"indexed":true,"name":"Assessment Score Heading"},"id":"3c415065-4982-067f-299c-c52bc10bd9a3","type":"Fragment"}],"type":"Column"},{"definition":{"columnViewports":[{"columnViewportDefinition":{"size":12},"id":"landscapeMobile"},{"columnViewportDefinition":{},"id":"portraitMobile"},{"columnViewportDefinition":{},"id":"tablet"}],"size":2},"id":"b4763211-46b9-722b-a1cf-5c1c7b936e3c","pageElements":[{"definition":{"fragment":{"key":"BASIC_COMPONENT-heading"},"fragmentConfig":{"headingLevel":"h5"},"fragmentFields":[{"id":"element-text","value":{"fragmentLink":{},"text":{"value_i18n":{"en_US":"Decisions"}}}}],"indexed":true,"name":"Decisions Heading"},"id":"01a9f21a-a746-9d5b-1b89-2add9ba427cc","type":"Fragment"}],"type":"Column"},{"definition":{"columnViewports":[{"columnViewportDefinition":{"size":12},"id":"landscapeMobile"},{"columnViewportDefinition":{},"id":"portraitMobile"},{"columnViewportDefinition":{},"id":"tablet"}],"size":3},"id":"e609c64a-45c9-6ced-ceed-b9c654a83609","pageElements":[{"definition":{"fragment":{"key":"BASIC_COMPONENT-heading"},"fragmentConfig":{"headingLevel":"h5"},"fragmentFields":[{"id":"element-text","value":{"fragmentLink":{},"text":{"value_i18n":{"en_US":"Recommendations"}}}}],"indexed":true,"name":"Recommendations Heading"},"id":"017e40e7-d58d-5028-873a-4b74bb78d74c","type":"Fragment"}],"type":"Column"}],"type":"Row"},{"definition":{"collectionConfig":{"collectionReference":{"className":"com.liferay.object.web.internal.info.collection.provider.ObjectEntrySingleFormVariationInfoCollectionProvider_16796623585306_C_ApplicationEvaluation"},"collectionType":"CollectionProvider"},"collectionViewports":[{"collectionViewportDefinition":{},"id":"landscapeMobile"},{"collectionViewportDefinition":{},"id":"portraitMobile"},{"collectionViewportDefinition":{},"id":"tablet"}],"displayAllItems":false,"displayAllPages":true,"listItemStyle":"","listStyle":"","name":"Evaluation Collection Display","numberOfColumns":1,"numberOfItems":5,"numberOfItemsPerPage":20,"numberOfPages":5,"paginationType":"Numeric","showAllItems":false,"templateKey":""},"id":"eaa19d80-f82b-3ddf-9bba-6439a01384a2","pageElements":[{"definition":{"collectionItemConfig":{}},"id":"bbd63b29-add0-018b-bb20-8c171f2a9e9f","pageElements":[{"definition":{"fragmentStyle":{"paddingBottom":"2","paddingTop":"2"},"indexed":true,"layout":{},"name":"Evaluation Container"},"id":"04d14ce7-0fc8-6412-aaae-1662a799912f","pageElements":[{"definition":{"gutters":true,"indexed":true,"modulesPerRow":5,"name":"Evaluation Row Grid","numberOfColumns":5,"reverseOrder":false,"rowViewports":[{"id":"landscapeMobile","rowViewportDefinition":{"modulesPerRow":1}},{"id":"portraitMobile","rowViewportDefinition":{}},{"id":"tablet","rowViewportDefinition":{}}],"verticalAlignment":"top"},"id":"42809f0d-77a3-bc7f-96a5-8c8e3302541a","pageElements":[{"definition":{"columnViewports":[{"columnViewportDefinition":{"size":12},"id":"landscapeMobile"},{"columnViewportDefinition":{},"id":"portraitMobile"},{"columnViewportDefinition":{},"id":"tablet"}],"size":1},"id":"905ec45d-73f4-c938-e9bc-ac20eb648959","pageElements":[{"definition":{"fragment":{"key":"BASIC_COMPONENT-paragraph"},"fragmentConfig":{},"fragmentFields":[{"id":"element-text","value":{"fragmentLink":{}}}],"indexed":true,"name":"ID"},"id":"22195755-fa8e-93bf-b116-b6f4cd57e303","type":"Fragment"}],"type":"Column"},{"definition":{"columnViewports":[{"columnViewportDefinition":{"size":12},"id":"landscapeMobile"},{"columnViewportDefinition":{},"id":"portraitMobile"},{"columnViewportDefinition":{},"id":"tablet"}],"size":3},"id":"3eac57a3-577b-2198-6aeb-6e7bd992f6aa","pageElements":[{"definition":{"fragment":{"key":"BASIC_COMPONENT-paragraph"},"fragmentConfig":{},"fragmentFields":[{"id":"element-text","value":{"fragmentLink":{},"text":{"mapping":{"fieldKey":"ObjectField_interviewNotes","itemReference":{"contextSource":"CollectionItem"}}}}}],"indexed":true,"name":"Interview Notes"},"id":"486ecbc5-4b11-dba4-532f-8b01f69bca09","type":"Fragment"}],"type":"Column"},{"definition":{"columnViewports":[{"columnViewportDefinition":{"size":12},"id":"landscapeMobile"},{"columnViewportDefinition":{},"id":"portraitMobile"},{"columnViewportDefinition":{},"id":"tablet"}],"size":3},"id":"9d5c8fb9-86a0-d36f-90a1-42fa2a602b66","pageElements":[{"definition":{"fragment":{"key":"BASIC_COMPONENT-paragraph"},"fragmentConfig":{},"fragmentFields":[{"id":"element-text","value":{"fragmentLink":{},"text":{"mapping":{"fieldKey":"ObjectField_assessmentScore","itemReference":{"contextSource":"CollectionItem"}}}}}],"indexed":true,"name":"Assessment Score"},"id":"4259c3bc-dec0-b614-7818-9978f849e9af","type":"Fragment"}],"type":"Column"},{"definition":{"columnViewports":[{"columnViewportDefinition":{"size":12},"id":"landscapeMobile"},{"columnViewportDefinition":{},"id":"portraitMobile"},{"columnViewportDefinition":{},"id":"tablet"}],"size":2},"id":"a19f6af4-a546-1591-915c-71a9fd7279a3","pageElements":[{"definition":{"fragment":{"key":"BASIC_COMPONENT-paragraph"},"fragmentConfig":{},"fragmentFields":[{"id":"element-text","value":{"fragmentLink":{},"text":{"mapping":{"fieldKey":"ObjectField_decision","itemReference":{"contextSource":"CollectionItem"}}}}}],"indexed":true,"name":"Decisions"},"id":"ad054afb-607e-e197-a4d9-9b57a536b035","type":"Fragment"}],"type":"Column"},{"definition":{"columnViewports":[{"columnViewportDefinition":{"size":12},"id":"landscapeMobile"},{"columnViewportDefinition":{},"id":"portraitMobile"},{"columnViewportDefinition":{},"id":"tablet"}],"size":3},"id":"0db39c92-b935-d3b8-8f5f-80a1a85827ed","pageElements":[{"definition":{"fragment":{"key":"BASIC_COMPONENT-paragraph"},"fragmentConfig":{},"fragmentFields":[{"id":"element-text","value":{"fragmentLink":{}}}],"indexed":true,"name":"Recommendations"},"id":"39750bf6-7dd1-3923-d690-093642c41345","type":"Fragment"}],"type":"Column"}],"type":"Row"}],"type":"Section"}],"type":"CollectionItem"}],"type":"Collection"}],"type":"Section"}