{"definition":{"fragmentStyle":{"backgroundFragmentImage":{"title":{"value":"home-promotion"},"url":{"value":"/documents/d/asset-library-32687/home-promotion"}},"overflow":"visible","paddingBottom":"8","paddingTop":"8"},"gutters":true,"indexed":true,"modulesPerRow":2,"name":"Submitted Application Grid","numberOfColumns":2,"reverseOrder":false,"rowViewports":[{"id":"landscapeMobile","rowViewportDefinition":{"modulesPerRow":1}},{"id":"portraitMobile","rowViewportDefinition":{}},{"id":"tablet","rowViewportDefinition":{}}],"verticalAlignment":"middle"},"id":"3633d009-4ad0-3f22-6897-cc3cc6d07c72","pageElements":[{"definition":{"columnViewports":[{"columnViewportDefinition":{"size":12},"id":"landscapeMobile"},{"columnViewportDefinition":{},"id":"portraitMobile"},{"columnViewportDefinition":{},"id":"tablet"}],"size":6},"id":"b41ca4bb-5133-6c37-5f29-47b520771e98","type":"Column"},{"definition":{"columnViewports":[{"columnViewportDefinition":{"size":12},"id":"landscapeMobile"},{"columnViewportDefinition":{},"id":"portraitMobile"},{"columnViewportDefinition":{},"id":"tablet"}],"size":6},"id":"74b5e8f8-3153-2422-11e2-b6c33bf7667b","pageElements":[{"definition":{"fragmentStyle":{"maxWidth":"400px"},"indexed":true,"layout":{"align":"Start","contentDisplay":"FlexColumn","justify":"Center"},"name":"Submitted Application Content Container"},"id":"ad09892c-085d-8da1-db7b-7eeab84a0f88","pageElements":[{"definition":{"fragment":{"key":"BASIC_COMPONENT-heading"},"fragmentConfig":{"headingLevel":"h2"},"fragmentFields":[{"id":"element-text","value":{"fragmentLink":{},"text":{"value_i18n":{"en_US":"Thank you for applying!"}}}}],"fragmentStyle":{"paddingBottom":"6","paddingLeft":"2"},"indexed":true,"name":"Submitted Application Heading"},"id":"58ee2481-54f3-9a06-7b46-c3fed0409f23","type":"Fragment"},{"definition":{"gutters":true,"indexed":true,"modulesPerRow":2,"name":"Application Details Grid","numberOfColumns":6,"reverseOrder":false,"rowViewports":[{"id":"landscapeMobile","rowViewportDefinition":{"modulesPerRow":1}},{"id":"portraitMobile","rowViewportDefinition":{}},{"id":"tablet","rowViewportDefinition":{}}],"verticalAlignment":"top"},"id":"46162531-0d7e-2ab4-21a6-be656bcf8afd","pageElements":[{"definition":{"columnViewports":[{"columnViewportDefinition":{"size":12},"id":"landscapeMobile"},{"columnViewportDefinition":{},"id":"portraitMobile"},{"columnViewportDefinition":{},"id":"tablet"}],"size":6},"id":"1b5398bd-905b-125e-8e5c-fdb07b2aee46","pageElements":[{"definition":{"fragment":{"key":"BASIC_COMPONENT-paragraph"},"fragmentConfig":{},"fragmentFields":[{"id":"element-text","value":{"fragmentLink":{},"text":{"value_i18n":{"en_US":"Application ID:"}}}}],"fragmentStyle":{"fontWeight":"fontWeightBold","textAlign":"right"},"indexed":true},"id":"9ec0da2c-7133-42ec-5f45-2a3e4d88c8e2","type":"Fragment"}],"type":"Column"},{"definition":{"columnViewports":[{"columnViewportDefinition":{"size":12},"id":"landscapeMobile"},{"columnViewportDefinition":{},"id":"portraitMobile"},{"columnViewportDefinition":{},"id":"tablet"}],"size":6},"id":"fc65ac18-40bc-9844-647f-ee93d6c321c0","pageElements":[{"definition":{"fragment":{"key":"BASIC_COMPONENT-paragraph"},"fragmentConfig":{},"fragmentFields":[{"id":"element-text","value":{"fragmentLink":{},"text":{"mapping":{"fieldKey":"ObjectEntry_objectEntryId","itemReference":{"contextSource":"DisplayPageItem"}}}}}],"indexed":true,"name":"Mapped Applicatin ID"},"id":"9a994567-c551-fb53-768a-415d039998d1","type":"Fragment"}],"type":"Column"},{"definition":{"columnViewports":[{"columnViewportDefinition":{"size":12},"id":"landscapeMobile"},{"columnViewportDefinition":{},"id":"portraitMobile"},{"columnViewportDefinition":{},"id":"tablet"}],"size":6},"id":"f4a60065-f3f2-ecc5-b305-ec90dd05b734","pageElements":[{"definition":{"fragment":{"key":"BASIC_COMPONENT-paragraph"},"fragmentConfig":{},"fragmentFields":[{"id":"element-text","value":{"fragmentLink":{},"text":{"value_i18n":{"en_US":"Applicant Name:"}}}}],"fragmentStyle":{"fontWeight":"fontWeightBold","textAlign":"right"},"indexed":true},"id":"ce584b2b-c134-14e6-05db-d9897cf53b8e","type":"Fragment"}],"type":"Column"},{"definition":{"columnViewports":[{"columnViewportDefinition":{"size":12},"id":"landscapeMobile"},{"columnViewportDefinition":{},"id":"portraitMobile"},{"columnViewportDefinition":{},"id":"tablet"}],"size":6},"id":"7ca2b903-a0fc-e86e-5f5c-b775e28828fb","pageElements":[{"definition":{"fragment":{"key":"BASIC_COMPONENT-paragraph"},"fragmentConfig":{},"fragmentFields":[{"id":"element-text","value":{"fragmentLink":{},"text":{"mapping":{"fieldKey":"ObjectField_applicantName","itemReference":{"contextSource":"DisplayPageItem"}}}}}],"indexed":true,"name":"Mapped Applicant Name"},"id":"935a2d8b-ca35-b83a-3cfc-68ac76b7f3ea","type":"Fragment"}],"type":"Column"},{"definition":{"columnViewports":[{"columnViewportDefinition":{"size":12},"id":"landscapeMobile"},{"columnViewportDefinition":{},"id":"portraitMobile"},{"columnViewportDefinition":{},"id":"tablet"}],"size":6},"id":"72cb6c9c-0ec4-a161-3d7e-a10e33db526a","pageElements":[{"definition":{"fragment":{"key":"BASIC_COMPONENT-paragraph"},"fragmentConfig":{},"fragmentFields":[{"id":"element-text","value":{"fragmentLink":{},"text":{"value_i18n":{"en_US":"Business Name:"}}}}],"fragmentStyle":{"fontWeight":"fontWeightBold","textAlign":"right"},"indexed":true},"id":"76a6f2be-6b65-d206-108f-d1bed0e139da","type":"Fragment"}],"type":"Column"},{"definition":{"columnViewports":[{"columnViewportDefinition":{"size":12},"id":"landscapeMobile"},{"columnViewportDefinition":{},"id":"portraitMobile"},{"columnViewportDefinition":{},"id":"tablet"}],"size":6},"id":"617edf52-bf4c-caa3-941e-316bf2e27e28","pageElements":[{"definition":{"fragment":{"key":"BASIC_COMPONENT-paragraph"},"fragmentConfig":{},"fragmentFields":[{"id":"element-text","value":{"fragmentLink":{}}}],"indexed":true,"name":"Mapped Business Name"},"id":"50ecf809-b6e8-438e-2c19-9fe0d7fcd14f","type":"Fragment"}],"type":"Column"}],"type":"Row"},{"definition":{"fragment":{"key":"BASIC_COMPONENT-paragraph"},"fragmentConfig":{},"fragmentFields":[{"id":"element-text","value":{"fragmentLink":{},"text":{"value_i18n":{"en_US":"<p data-pm-slice=\"1 1 [&quot;orderedList&quot;,{&quot;order&quot;:1},&quot;listItem&quot;,null,&quot;orderedList&quot;,null,&quot;listItem&quot;,null]\" data-prosemirror-content-type=\"node\" data-prosemirror-node-block=\"true\" data-prosemirror-node-name=\"paragraph\">We have received your application! An associate will contact you shortly.</p>\n\n<p data-pm-slice=\"1 1 [&quot;orderedList&quot;,{&quot;order&quot;:1},&quot;listItem&quot;,null,&quot;orderedList&quot;,null,&quot;listItem&quot;,null]\" data-prosemirror-content-type=\"node\" data-prosemirror-node-block=\"true\" data-prosemirror-node-name=\"paragraph\">In the meantime, explore Clarity's products and resources.</p>\n"}}}}],"fragmentStyle":{"fontSize":"1.125rem","paddingBottom":"2","paddingLeft":"2","paddingRight":"2","paddingTop":"5"},"indexed":true,"name":"Confirmation Paragraph"},"id":"b0002da7-626a-478c-c6c1-b4b9282168f8","type":"Fragment"},{"definition":{"fragmentStyle":{"paddingLeft":"2"},"indexed":true,"layout":{"widthType":"Fixed"},"name":"Button Container"},"id":"ceb55ca0-338e-b524-d956-f235b3ff93d6","pageElements":[{"definition":{"fragmentStyle":{"paddingBottom":"4","paddingTop":"4"},"gutters":false,"indexed":true,"modulesPerRow":2,"name":"Button Grid","numberOfColumns":2,"reverseOrder":false,"rowViewports":[{"id":"landscapeMobile","rowViewportDefinition":{"modulesPerRow":1}},{"id":"portraitMobile","rowViewportDefinition":{}},{"id":"tablet","rowViewportDefinition":{}}],"verticalAlignment":"top"},"id":"1702e9dc-6882-6fac-864e-c954f2c4c666","pageElements":[{"definition":{"columnViewports":[{"columnViewportDefinition":{"size":12},"id":"landscapeMobile"},{"columnViewportDefinition":{},"id":"portraitMobile"},{"columnViewportDefinition":{},"id":"tablet"}],"size":5},"id":"60d91be7-838f-07fd-6572-4db5ca7f3cc7","pageElements":[{"definition":{"fragment":{"key":"BASIC_COMPONENT-button"},"fragmentConfig":{"buttonType":"primary","type":"link","buttonSize":"nm"},"fragmentFields":[{"id":"link","value":{"fragmentLink":{"value":{"href":{"mapping":{"itemReference":{"className":"com.liferay.portal.kernel.model.Layout","fields":[{"fieldName":"friendlyURL","fieldValue":"/products"},{"fieldName":"privatePage","fieldValue":"false"},{"fieldName":"siteKey","fieldValue":"Clarity Public Enterprise Website"}]}}}}},"text":{"value_i18n":{"en_US":"View Products"}}}}],"indexed":true,"name":"View Products Button"},"id":"da7d5bd7-6cd7-b0c8-aca4-8ffdb1ba4226","type":"Fragment"}],"type":"Column"},{"definition":{"columnViewports":[{"columnViewportDefinition":{"size":12},"id":"landscapeMobile"},{"columnViewportDefinition":{},"id":"portraitMobile"},{"columnViewportDefinition":{},"id":"tablet"}],"size":7},"id":"8c08ba50-a7da-af1d-a98a-d7c184353412","pageElements":[{"definition":{"fragment":{"key":"BASIC_COMPONENT-button"},"fragmentConfig":{"buttonType":"primary","type":"link","buttonSize":"nm"},"fragmentFields":[{"id":"link","value":{"fragmentLink":{"value":{"href":{"mapping":{"itemReference":{"className":"com.liferay.portal.kernel.model.Layout","fields":[{"fieldName":"friendlyURL","fieldValue":"/blog"},{"fieldName":"privatePage","fieldValue":"false"},{"fieldName":"siteKey","fieldValue":"Clarity Public Enterprise Website"}]}}}}},"text":{"value_i18n":{"en_US":"View Blogs"}}}}],"indexed":true,"name":"View Blogs Button"},"id":"265c12f6-c66c-a1d3-4ecc-884b8bccc61f","type":"Fragment"}],"type":"Column"}],"type":"Row"}],"type":"Section"}],"type":"Section"}],"type":"Column"}],"type":"Row"}