{"definition":{"fragmentStyle":{"backgroundFragmentImage":{"title":{"value":"home-promotion"},"url":{"value":"/documents/d/asset-library-32687/home-promotion"}},"overflow":"visible","paddingBottom":"8","paddingTop":"8"},"gutters":true,"indexed":true,"modulesPerRow":2,"name":"Submitted Application Grid","numberOfColumns":2,"reverseOrder":false,"rowViewports":[{"id":"landscapeMobile","rowViewportDefinition":{"modulesPerRow":1}},{"id":"portraitMobile","rowViewportDefinition":{}},{"id":"tablet","rowViewportDefinition":{}}],"verticalAlignment":"middle"},"id":"0aed0a9f-3969-acd0-7612-9daf86de1947","pageElements":[{"definition":{"columnViewports":[{"columnViewportDefinition":{"size":12},"id":"landscapeMobile"},{"columnViewportDefinition":{},"id":"portraitMobile"},{"columnViewportDefinition":{},"id":"tablet"}],"size":6},"id":"09d7b85e-230c-37de-8933-a68b1abdf5c3","type":"Column"},{"definition":{"columnViewports":[{"columnViewportDefinition":{"size":12},"id":"landscapeMobile"},{"columnViewportDefinition":{},"id":"portraitMobile"},{"columnViewportDefinition":{},"id":"tablet"}],"size":6},"id":"9a99e17b-d371-3a03-ae23-f08ccab8e043","pageElements":[{"definition":{"fragmentStyle":{"maxWidth":"400px"},"indexed":true,"layout":{"align":"Start","contentDisplay":"FlexColumn","justify":"Center"},"name":"Submitted Application Content Container"},"id":"88996d4e-ceb1-ce42-40b7-eb3d23902b0a","pageElements":[{"definition":{"fragment":{"key":"BASIC_COMPONENT-heading"},"fragmentConfig":{"headingLevel":"h2"},"fragmentFields":[{"id":"element-text","value":{"fragmentLink":{},"text":{"value_i18n":{"en_US":"Thank you for applying!"}}}}],"fragmentStyle":{"paddingBottom":"6","paddingLeft":"2"},"indexed":true,"name":"Submitted Application Heading"},"id":"cb7cdd1f-db0c-d3ee-e94f-2b684fc08926","type":"Fragment"},{"definition":{"gutters":true,"indexed":true,"modulesPerRow":2,"numberOfColumns":6,"reverseOrder":false,"rowViewports":[{"id":"landscapeMobile","rowViewportDefinition":{"modulesPerRow":1}},{"id":"portraitMobile","rowViewportDefinition":{}},{"id":"tablet","rowViewportDefinition":{}}],"verticalAlignment":"top"},"id":"fad90fea-28e5-3f36-9f84-8f0f0ededc07","pageElements":[{"definition":{"columnViewports":[{"columnViewportDefinition":{"size":12},"id":"landscapeMobile"},{"columnViewportDefinition":{},"id":"portraitMobile"},{"columnViewportDefinition":{},"id":"tablet"}],"size":6},"id":"139e1b2e-167c-1194-eca9-bad9dc01f848","pageElements":[{"definition":{"fragment":{"key":"BASIC_COMPONENT-paragraph"},"fragmentConfig":{},"fragmentFields":[{"id":"element-text","value":{"fragmentLink":{},"text":{"value_i18n":{"en_US":"Application ID:"}}}}],"fragmentStyle":{"fontWeight":"fontWeightBold","textAlign":"right"},"indexed":true},"id":"c12d7a3e-4982-8234-ac64-7764d8a95a50","type":"Fragment"}],"type":"Column"},{"definition":{"columnViewports":[{"columnViewportDefinition":{"size":12},"id":"landscapeMobile"},{"columnViewportDefinition":{},"id":"portraitMobile"},{"columnViewportDefinition":{},"id":"tablet"}],"size":6},"id":"1394031d-106e-f096-bd3b-49743b7106c4","pageElements":[{"definition":{"fragment":{"key":"BASIC_COMPONENT-paragraph"},"fragmentConfig":{},"fragmentFields":[{"id":"element-text","value":{"fragmentLink":{},"text":{"mapping":{"fieldKey":"ObjectEntry_objectEntryId","itemReference":{"contextSource":"DisplayPageItem"}}}}}],"indexed":true,"name":"Mapped Applicatin ID"},"id":"a3fee9c4-06b9-5c03-fa91-339c8538aee3","type":"Fragment"}],"type":"Column"},{"definition":{"columnViewports":[{"columnViewportDefinition":{"size":12},"id":"landscapeMobile"},{"columnViewportDefinition":{},"id":"portraitMobile"},{"columnViewportDefinition":{},"id":"tablet"}],"size":6},"id":"0a504488-b69e-a67c-ddef-45556fed784d","pageElements":[{"definition":{"fragment":{"key":"BASIC_COMPONENT-paragraph"},"fragmentConfig":{},"fragmentFields":[{"id":"element-text","value":{"fragmentLink":{},"text":{"value_i18n":{"en_US":"Applicant Name:"}}}}],"fragmentStyle":{"fontWeight":"fontWeightBold","textAlign":"right"},"indexed":true},"id":"0e2750ad-c600-5865-68c7-d5f5526fd206","type":"Fragment"}],"type":"Column"},{"definition":{"columnViewports":[{"columnViewportDefinition":{"size":12},"id":"landscapeMobile"},{"columnViewportDefinition":{},"id":"portraitMobile"},{"columnViewportDefinition":{},"id":"tablet"}],"size":6},"id":"47e5bbbc-06de-e195-e17e-42731cbde537","pageElements":[{"definition":{"fragment":{"key":"BASIC_COMPONENT-paragraph"},"fragmentConfig":{},"fragmentFields":[{"id":"element-text","value":{"fragmentLink":{},"text":{"mapping":{"fieldKey":"ObjectField_applicantName","itemReference":{"contextSource":"DisplayPageItem"}}}}}],"indexed":true,"name":"Mapped Applicant Name"},"id":"2c062036-243b-4a30-3874-3fd427a5dc96","type":"Fragment"}],"type":"Column"},{"definition":{"columnViewports":[{"columnViewportDefinition":{"size":12},"id":"landscapeMobile"},{"columnViewportDefinition":{},"id":"portraitMobile"},{"columnViewportDefinition":{},"id":"tablet"}],"size":6},"id":"d2383252-111b-bf5f-d933-0c839618dbd7","pageElements":[{"definition":{"fragment":{"key":"BASIC_COMPONENT-paragraph"},"fragmentConfig":{},"fragmentFields":[{"id":"element-text","value":{"fragmentLink":{},"text":{"value_i18n":{"en_US":"Business Name:"}}}}],"fragmentStyle":{"fontWeight":"fontWeightBold","textAlign":"right"},"indexed":true},"id":"55fb3742-f315-52b4-5890-520083032966","type":"Fragment"}],"type":"Column"},{"definition":{"columnViewports":[{"columnViewportDefinition":{"size":12},"id":"landscapeMobile"},{"columnViewportDefinition":{},"id":"portraitMobile"},{"columnViewportDefinition":{},"id":"tablet"}],"size":6},"id":"f3151049-229b-5f5f-2023-195caa5fbab8","pageElements":[{"definition":{"fragment":{"key":"BASIC_COMPONENT-paragraph"},"fragmentConfig":{},"fragmentFields":[{"id":"element-text","value":{"fragmentLink":{}}}],"indexed":true,"name":"Mapped Business Name"},"id":"ecb24dc2-a0c6-39f2-d72d-3b4621412c2e","type":"Fragment"}],"type":"Column"}],"type":"Row"},{"definition":{"fragment":{"key":"BASIC_COMPONENT-paragraph"},"fragmentConfig":{},"fragmentFields":[{"id":"element-text","value":{"fragmentLink":{},"text":{"value_i18n":{"en_US":"<p data-pm-slice=\"1 1 [&quot;orderedList&quot;,{&quot;order&quot;:1},&quot;listItem&quot;,null,&quot;orderedList&quot;,null,&quot;listItem&quot;,null]\" data-prosemirror-content-type=\"node\" data-prosemirror-node-block=\"true\" data-prosemirror-node-name=\"paragraph\">We have received your application! An associate will contact you shortly.</p>\n\n<p data-pm-slice=\"1 1 [&quot;orderedList&quot;,{&quot;order&quot;:1},&quot;listItem&quot;,null,&quot;orderedList&quot;,null,&quot;listItem&quot;,null]\" data-prosemirror-content-type=\"node\" data-prosemirror-node-block=\"true\" data-prosemirror-node-name=\"paragraph\">In the meantime, explore Clarity's products and resources.</p>\n"}}}}],"fragmentStyle":{"fontSize":"1.125rem","paddingBottom":"2","paddingLeft":"2","paddingRight":"2","paddingTop":"5"},"indexed":true,"name":"Confirmation Paragraph"},"id":"1ca9b13e-84f6-9e66-3f1d-f8d0fdc5119c","type":"Fragment"},{"definition":{"fragmentStyle":{"paddingLeft":"2"},"indexed":true,"layout":{"widthType":"Fixed"},"name":"Button Container"},"id":"d7242d94-92c2-ff17-bce3-12c6a18b969c","pageElements":[{"definition":{"fragmentStyle":{"paddingBottom":"4","paddingTop":"4"},"gutters":false,"indexed":true,"modulesPerRow":2,"name":"Button Grid","numberOfColumns":2,"reverseOrder":false,"rowViewports":[{"id":"landscapeMobile","rowViewportDefinition":{"modulesPerRow":1}},{"id":"portraitMobile","rowViewportDefinition":{}},{"id":"tablet","rowViewportDefinition":{}}],"verticalAlignment":"top"},"id":"a8a54658-64b1-3f83-376b-cb8b859bea57","pageElements":[{"definition":{"columnViewports":[{"columnViewportDefinition":{"size":12},"id":"landscapeMobile"},{"columnViewportDefinition":{},"id":"portraitMobile"},{"columnViewportDefinition":{},"id":"tablet"}],"size":5},"id":"1abb1aad-26ed-21ca-21ce-d36e2230a8a8","pageElements":[{"definition":{"fragment":{"key":"BASIC_COMPONENT-button"},"fragmentConfig":{"buttonType":"primary","type":"link","buttonSize":"nm"},"fragmentFields":[{"id":"link","value":{"fragmentLink":{"value":{"href":{"mapping":{"itemReference":{"className":"com.liferay.portal.kernel.model.Layout","fields":[{"fieldName":"friendlyURL","fieldValue":"/products"},{"fieldName":"privatePage","fieldValue":"false"},{"fieldName":"siteKey","fieldValue":"Clarity Public Enterprise Website"}]}}}}},"text":{"value_i18n":{"en_US":"View Products"}}}}],"indexed":true,"name":"View Products Button"},"id":"e5e8397b-8e4e-4c4d-b3f8-e7d90af46609","type":"Fragment"}],"type":"Column"},{"definition":{"columnViewports":[{"columnViewportDefinition":{"size":12},"id":"landscapeMobile"},{"columnViewportDefinition":{},"id":"portraitMobile"},{"columnViewportDefinition":{},"id":"tablet"}],"size":7},"id":"404ee31d-4eb7-4663-6217-3bb71d146e59","pageElements":[{"definition":{"fragment":{"key":"BASIC_COMPONENT-button"},"fragmentConfig":{"buttonType":"primary","type":"link","buttonSize":"nm"},"fragmentFields":[{"id":"link","value":{"fragmentLink":{"value":{"href":{"mapping":{"itemReference":{"className":"com.liferay.portal.kernel.model.Layout","fields":[{"fieldName":"friendlyURL","fieldValue":"/blog"},{"fieldName":"privatePage","fieldValue":"false"},{"fieldName":"siteKey","fieldValue":"Clarity Public Enterprise Website"}]}}}}},"text":{"value_i18n":{"en_US":"View Blogs"}}}}],"indexed":true,"name":"View Blogs Button"},"id":"571bd4c7-dcb2-5246-a9ed-cab364d8fecf","type":"Fragment"}],"type":"Column"}],"type":"Row"}],"type":"Section"}],"type":"Section"}],"type":"Column"}],"type":"Row"}