{"definition":{"fragmentStyle":{"backgroundFragmentImage":{"title":{"value":"home-promotion"},"url":{"value":"/documents/d/asset-library-32687/home-promotion"}},"overflow":"visible","paddingBottom":"8","paddingTop":"8"},"gutters":true,"indexed":true,"modulesPerRow":2,"name":"Submitted Applications Grid","numberOfColumns":2,"reverseOrder":false,"rowViewports":[{"id":"landscapeMobile","rowViewportDefinition":{"modulesPerRow":1}},{"id":"portraitMobile","rowViewportDefinition":{}},{"id":"tablet","rowViewportDefinition":{}}],"verticalAlignment":"middle"},"id":"454dab4d-db18-013a-58a7-a444d3d26d43","pageElements":[{"definition":{"columnViewports":[{"columnViewportDefinition":{"size":12},"id":"landscapeMobile"},{"columnViewportDefinition":{},"id":"portraitMobile"},{"columnViewportDefinition":{},"id":"tablet"}],"size":6},"id":"7cc68909-f6e2-7b9f-7bb6-6cc5d37aaca6","type":"Column"},{"definition":{"columnViewports":[{"columnViewportDefinition":{"size":12},"id":"landscapeMobile"},{"columnViewportDefinition":{},"id":"portraitMobile"},{"columnViewportDefinition":{},"id":"tablet"}],"size":6},"id":"500ec4f0-a4db-ebab-b1eb-561977912656","pageElements":[{"definition":{"fragmentStyle":{"maxWidth":"400px"},"indexed":true,"layout":{"align":"Start","contentDisplay":"FlexColumn","justify":"Center"},"name":"Submitted Application Content Container"},"id":"67800a0d-9884-2e22-46b1-837267ada711","pageElements":[{"definition":{"fragment":{"key":"BASIC_COMPONENT-heading"},"fragmentConfig":{"headingLevel":"h2"},"fragmentFields":[{"id":"element-text","value":{"fragmentLink":{},"text":{"value_i18n":{"en_US":"Thank you for applying!"}}}}],"fragmentStyle":{"paddingBottom":"6","paddingLeft":"2"},"indexed":true,"name":"Submitted Application Heading"},"id":"f815b59b-2853-9ecd-19ea-a093ebaad39f","type":"Fragment"},{"definition":{"collectionConfig":{"collectionReference":{"className":"com.liferay.object.model.ObjectDefinition#M8T7"},"collectionType":"CollectionProvider"},"collectionViewports":[{"collectionViewportDefinition":{"numberOfColumns":1},"id":"landscapeMobile"},{"collectionViewportDefinition":{"numberOfColumns":1},"id":"portraitMobile"},{"collectionViewportDefinition":{"numberOfColumns":1},"id":"tablet"}],"displayAllItems":false,"displayAllPages":true,"listItemStyle":"","listStyle":"","numberOfColumns":1,"numberOfItems":5,"numberOfItemsPerPage":20,"numberOfPages":5,"paginationType":"Numeric","showAllItems":false,"templateKey":""},"id":"b19fe65e-4b62-0197-6605-3213608ff3f5","pageElements":[{"definition":{"collectionItemConfig":{}},"id":"58db0755-a339-2010-061a-9e91fe2a0395","pageElements":[{"definition":{"fragmentStyle":{"marginTop":"3"},"gutters":true,"indexed":true,"modulesPerRow":2,"name":"Application Details Grid","numberOfColumns":6,"reverseOrder":false,"rowViewports":[{"id":"landscapeMobile","rowViewportDefinition":{"modulesPerRow":1}},{"id":"portraitMobile","rowViewportDefinition":{}},{"id":"tablet","rowViewportDefinition":{}}],"verticalAlignment":"top"},"id":"7a1ce845-5eb6-bcbe-3e8b-10b4d10ab0a2","pageElements":[{"definition":{"columnViewports":[{"columnViewportDefinition":{"size":12},"id":"landscapeMobile"},{"columnViewportDefinition":{},"id":"portraitMobile"},{"columnViewportDefinition":{},"id":"tablet"}],"size":6},"id":"ea6f99ff-f3b1-c45c-0f71-e0141ddbda42","pageElements":[{"definition":{"fragment":{"key":"BASIC_COMPONENT-paragraph"},"fragmentConfig":{},"fragmentFields":[{"id":"element-text","value":{"fragmentLink":{},"text":{"value_i18n":{"en_US":"Application ID:"}}}}],"fragmentStyle":{"fontWeight":"fontWeightBold","textAlign":"right"},"indexed":true},"id":"876a1744-bd3e-c01b-301a-91e93dd2f24e","type":"Fragment"}],"type":"Column"},{"definition":{"columnViewports":[{"columnViewportDefinition":{"size":12},"id":"landscapeMobile"},{"columnViewportDefinition":{},"id":"portraitMobile"},{"columnViewportDefinition":{},"id":"tablet"}],"size":6},"id":"ffcf2313-55ec-9a1d-8654-8e2ea270a0ab","pageElements":[{"definition":{"fragment":{"key":"BASIC_COMPONENT-paragraph"},"fragmentConfig":{},"fragmentFields":[{"id":"element-text","value":{"fragmentLink":{},"text":{"mapping":{"fieldKey":"ObjectEntry_objectEntryId","itemReference":{"contextSource":"CollectionItem"}}}}}],"indexed":true,"name":"Mapped Applicatin ID"},"id":"782e2442-6fe7-091b-39a5-9c500d199aa6","type":"Fragment"}],"type":"Column"},{"definition":{"columnViewports":[{"columnViewportDefinition":{"size":12},"id":"landscapeMobile"},{"columnViewportDefinition":{},"id":"portraitMobile"},{"columnViewportDefinition":{},"id":"tablet"}],"size":6},"id":"b038a565-63bb-cc6f-8fb6-23d712289271","pageElements":[{"definition":{"fragment":{"key":"BASIC_COMPONENT-paragraph"},"fragmentConfig":{},"fragmentFields":[{"id":"element-text","value":{"fragmentLink":{},"text":{"value_i18n":{"en_US":"Applicant Name:"}}}}],"fragmentStyle":{"fontWeight":"fontWeightBold","textAlign":"right"},"indexed":true},"id":"19263366-ebf9-0e03-2ec6-093164fa05aa","type":"Fragment"}],"type":"Column"},{"definition":{"columnViewports":[{"columnViewportDefinition":{"size":12},"id":"landscapeMobile"},{"columnViewportDefinition":{},"id":"portraitMobile"},{"columnViewportDefinition":{},"id":"tablet"}],"size":6},"id":"facbf713-73a0-69a4-bff9-a60a1ef58d99","pageElements":[{"definition":{"fragment":{"key":"BASIC_COMPONENT-paragraph"},"fragmentConfig":{},"fragmentFields":[{"id":"element-text","value":{"fragmentLink":{},"text":{"mapping":{"fieldKey":"ObjectField_applicantName","itemReference":{"contextSource":"CollectionItem"}}}}}],"indexed":true,"name":"Mapped Applicant Name"},"id":"39161dee-c424-50c4-9efd-70f34bb3c12e","type":"Fragment"}],"type":"Column"},{"definition":{"columnViewports":[{"columnViewportDefinition":{"size":12},"id":"landscapeMobile"},{"columnViewportDefinition":{},"id":"portraitMobile"},{"columnViewportDefinition":{},"id":"tablet"}],"size":6},"id":"2cb5b09d-e61a-71f2-90eb-bdadc1f7803c","pageElements":[{"definition":{"fragment":{"key":"BASIC_COMPONENT-paragraph"},"fragmentConfig":{},"fragmentFields":[{"id":"element-text","value":{"fragmentLink":{},"text":{"value_i18n":{"en_US":"Business Name:"}}}}],"fragmentStyle":{"fontWeight":"fontWeightBold","textAlign":"right"},"indexed":true},"id":"5ffae499-2728-9eb6-dd04-0da9f65b205b","type":"Fragment"}],"type":"Column"},{"definition":{"columnViewports":[{"columnViewportDefinition":{"size":12},"id":"landscapeMobile"},{"columnViewportDefinition":{},"id":"portraitMobile"},{"columnViewportDefinition":{},"id":"tablet"}],"size":6},"id":"af809f29-6db0-7642-5935-27e026233236","pageElements":[{"definition":{"fragment":{"key":"BASIC_COMPONENT-paragraph"},"fragmentConfig":{},"fragmentFields":[{"id":"element-text","value":{"fragmentLink":{},"text":{"mapping":{"fieldKey":"ObjectField_businessName","itemReference":{"contextSource":"CollectionItem"}}}}}],"indexed":true,"name":"Mapped Business Name"},"id":"88461b4c-1b21-227b-726b-31c81908b70e","type":"Fragment"}],"type":"Column"}],"type":"Row"},{"definition":{"gutters":true,"indexed":true,"modulesPerRow":2,"name":"Application Details Grid","numberOfColumns":2,"reverseOrder":false,"rowViewports":[{"id":"landscapeMobile","rowViewportDefinition":{"modulesPerRow":1}},{"id":"portraitMobile","rowViewportDefinition":{}},{"id":"tablet","rowViewportDefinition":{}}],"verticalAlignment":"top"},"id":"71d9e0f7-65d8-58d8-0458-72b4ab119618","pageElements":[{"definition":{"columnViewports":[{"columnViewportDefinition":{"size":12},"id":"landscapeMobile"},{"columnViewportDefinition":{},"id":"portraitMobile"},{"columnViewportDefinition":{},"id":"tablet"}],"size":6},"id":"3c8b8154-2d02-c588-f378-eb641090146a","pageElements":[{"definition":{"fragment":{"key":"BASIC_COMPONENT-paragraph"},"fragmentConfig":{},"fragmentFields":[{"id":"element-text","value":{"fragmentLink":{},"text":{"value_i18n":{"en_US":"Application State:"}}}}],"fragmentStyle":{"fontWeight":"fontWeightBold","textAlign":"right"},"indexed":true},"id":"08a18be2-fd38-5a3a-a6ae-1e6ff99f5715","type":"Fragment"}],"type":"Column"},{"definition":{"columnViewports":[{"columnViewportDefinition":{"size":12},"id":"landscapeMobile"},{"columnViewportDefinition":{},"id":"portraitMobile"},{"columnViewportDefinition":{},"id":"tablet"}],"size":6},"id":"51356536-7a77-a53f-b6c9-495ad7160a8c","pageElements":[{"definition":{"fragment":{"key":"BASIC_COMPONENT-paragraph"},"fragmentConfig":{},"fragmentFields":[{"id":"element-text","value":{"fragmentLink":{}}}],"indexed":true,"name":"Application State"},"id":"3ea1abef-cbac-911f-22db-66c86e51a4ac","type":"Fragment"}],"type":"Column"}],"type":"Row"}],"type":"CollectionItem"}],"type":"Collection"},{"definition":{"fragment":{"key":"BASIC_COMPONENT-paragraph"},"fragmentConfig":{},"fragmentFields":[{"id":"element-text","value":{"fragmentLink":{},"text":{"value_i18n":{"en_US":"<p data-pm-slice=\"1 1 [&quot;orderedList&quot;,{&quot;order&quot;:1},&quot;listItem&quot;,null,&quot;orderedList&quot;,null,&quot;listItem&quot;,null]\" data-prosemirror-content-type=\"node\" data-prosemirror-node-block=\"true\" data-prosemirror-node-name=\"paragraph\">We have received your application! An associate will contact you shortly.</p>\n\n<p data-pm-slice=\"1 1 [&quot;orderedList&quot;,{&quot;order&quot;:1},&quot;listItem&quot;,null,&quot;orderedList&quot;,null,&quot;listItem&quot;,null]\" data-prosemirror-content-type=\"node\" data-prosemirror-node-block=\"true\" data-prosemirror-node-name=\"paragraph\">In the meantime, explore Clarity's products and resources.</p>\n"}}}}],"fragmentStyle":{"fontSize":"1.125rem","paddingBottom":"2","paddingLeft":"2","paddingRight":"2","paddingTop":"5"},"indexed":true,"name":"Confirmation Paragraph"},"id":"961abce9-0feb-0504-cf08-3e6b147d89c9","type":"Fragment"},{"definition":{"fragmentStyle":{"paddingLeft":"2"},"indexed":true,"layout":{"widthType":"Fixed"},"name":"Button Container"},"id":"21a4fe6e-553b-932b-211d-1848f3ffe41a","pageElements":[{"definition":{"fragmentStyle":{"paddingBottom":"4","paddingTop":"4"},"gutters":false,"indexed":true,"modulesPerRow":2,"name":"Button Grid","numberOfColumns":2,"reverseOrder":false,"rowViewports":[{"id":"landscapeMobile","rowViewportDefinition":{"modulesPerRow":1}},{"id":"portraitMobile","rowViewportDefinition":{}},{"id":"tablet","rowViewportDefinition":{}}],"verticalAlignment":"top"},"id":"9c81b5dc-5de7-80a3-eae2-c49a980ab0c2","pageElements":[{"definition":{"columnViewports":[{"columnViewportDefinition":{"size":12},"id":"landscapeMobile"},{"columnViewportDefinition":{},"id":"portraitMobile"},{"columnViewportDefinition":{},"id":"tablet"}],"size":5},"id":"4f890f3c-47fa-85d3-9225-70bf78e89fb1","pageElements":[{"definition":{"fragment":{"key":"BASIC_COMPONENT-button"},"fragmentConfig":{"buttonType":"primary","type":"link","buttonSize":"nm"},"fragmentFields":[{"id":"link","value":{"fragmentLink":{"value":{"href":{"mapping":{"itemReference":{"className":"com.liferay.portal.kernel.model.Layout","fields":[{"fieldName":"friendlyURL","fieldValue":"/products"},{"fieldName":"privatePage","fieldValue":"false"},{"fieldName":"siteKey","fieldValue":"Clarity Public Enterprise Website"}]}}}}},"text":{"value_i18n":{"en_US":"View Products"}}}}],"indexed":true,"name":"View Products Button"},"id":"ee36d367-60ca-7c0c-716d-849be2056ae2","type":"Fragment"}],"type":"Column"},{"definition":{"columnViewports":[{"columnViewportDefinition":{"size":12},"id":"landscapeMobile"},{"columnViewportDefinition":{},"id":"portraitMobile"},{"columnViewportDefinition":{},"id":"tablet"}],"size":7},"id":"5048e733-c16f-a212-80e5-3589030c0fd1","pageElements":[{"definition":{"fragment":{"key":"BASIC_COMPONENT-button"},"fragmentConfig":{"buttonType":"primary","type":"link","buttonSize":"nm"},"fragmentFields":[{"id":"link","value":{"fragmentLink":{"value":{"href":{"mapping":{"itemReference":{"className":"com.liferay.portal.kernel.model.Layout","fields":[{"fieldName":"friendlyURL","fieldValue":"/blog"},{"fieldName":"privatePage","fieldValue":"false"},{"fieldName":"siteKey","fieldValue":"Clarity Public Enterprise Website"}]}}}}},"text":{"value_i18n":{"en_US":"View Blogs"}}}}],"indexed":true,"name":"View Blogs Button"},"id":"2e94c519-856d-1f0b-8e67-fdd24105b0d0","type":"Fragment"}],"type":"Column"}],"type":"Row"}],"type":"Section"}],"type":"Section"}],"type":"Column"}],"type":"Row"}